<?xml version="1.0" encoding="UTF-8"?>
<project-private xmlns="http://www.netbeans.org/ns/project-private/1">
    <editor-bookmarks xmlns="http://www.netbeans.org/ns/editor-bookmarks/2" lastBookmarkId="0"/>
    <open-files xmlns="http://www.netbeans.org/ns/projectui-open-files/2">
        <group>
            <file>file:/C:/Users/Ajirit/Documents/NetBeansProjects/DecoratorPattern/src/decoratorpattern/Cheese.java</file>
            <file>file:/C:/Users/Ajirit/Documents/NetBeansProjects/DecoratorPattern/src/decoratorpattern/Meat.java</file>
            <file>file:/C:/Users/Ajirit/Documents/NetBeansProjects/DecoratorPattern/src/decoratorpattern/pizzaDecorator.java</file>
            <file>file:/C:/Users/Ajirit/Documents/NetBeansProjects/DecoratorPattern/src/decoratorpattern/DecoratorPattern.java</file>
            <file>file:/C:/Users/Ajirit/Documents/NetBeansProjects/DecoratorPattern/src/decoratorpattern/GreenOlives.java</file>
            <file>file:/C:/Users/Ajirit/Documents/NetBeansProjects/DecoratorPattern/src/decoratorpattern/Chicken.java</file>
            <file>file:/C:/Users/Ajirit/Documents/NetBeansProjects/DecoratorPattern/src/decoratorpattern/simpleNonVegPizza.java</file>
            <file>file:/C:/Users/Ajirit/Documents/NetBeansProjects/DecoratorPattern/src/decoratorpattern/FetaCheese.java</file>
            <file>file:/C:/Users/Ajirit/Documents/NetBeansProjects/DecoratorPattern/src/decoratorpattern/RedOnions.java</file>
            <file>file:/C:/Users/Ajirit/Documents/NetBeansProjects/DecoratorPattern/src/decoratorpattern/Broccoli.java</file>
            <file>file:/C:/Users/Ajirit/Documents/NetBeansProjects/DecoratorPattern/src/decoratorpattern/pizza.java</file>
            <file>file:/C:/Users/Ajirit/Documents/NetBeansProjects/DecoratorPattern/src/decoratorpattern/Ham.java</file>
            <file>file:/C:/Users/Ajirit/Documents/NetBeansProjects/DecoratorPattern/src/decoratorpattern/simpleVegPizza.java</file>
            <file>file:/C:/Users/Ajirit/Documents/NetBeansProjects/DecoratorPattern/src/decoratorpattern/RomaTomatoes.java</file>
            <file>file:/C:/Users/Ajirit/Documents/NetBeansProjects/DecoratorPattern/src/decoratorpattern/Spinach.java</file>
        </group>
    </open-files>
</project-private>
